bloodpent/bloodpent.wad
demnscnry2/demnsncry2.WAD
dotvoid/dotvoid.wad
dscience/dscience.wad
ds_map01l/DS_Map01L.wad
dsv4_rvltinL/demon2.WAD
dsv4_rvltinL/dsv4_rvltinL.WAD
dsv4_rvltinL/skins/imp_2.WAD
dsv4_rvltinL/skins/zombie2.WAD
duelkeep/duelkeep.wad
h20-3dfl/H20-3DFL.WAD
hth2/gzlights.wad
hth2/hth2.wad
icerial2/icerial2.WAD
legclock/legclock.wad
legfan/legfan.wad
master/MASTER.wad
nimrod/nimrod.WAD
phobiata/phobiata.wad
sekkusu/SEKKUSU.WAD
spone/spone.wad
theduel/theduel.wad
toxdm1/toxdm1.wad
tunnel/tunnel.wad
ult4ever/ultforever.wad

